"ship","type","time","zone","length","breath","dwt","h_s","t_p","dir","h_sm","h_0","wind_speed","wind_dir","mov_avg","mov_max","mov_sig"
"Ship 26","General Cargo",11/23/15 11:00 AM,4,89.7,13.6,4135,3.07,9.91,335,0.22,3.08,4.34,174,0.3,0.71,0.43
"Ship 26","General Cargo",11/23/15 12:00 PM,4,89.7,13.6,4135,2.31,10.71,336,0.22,3.58,2.76,74,0.26,0.65,0.4
"Ship 26","General Cargo",11/23/15 01:00 PM,4,89.7,13.6,4135,2.38,10.08,334,0.22,3.74,5.47,47,0.24,0.49,0.34
"Ship 5","Bulkcarrier",12/07/15 11:00 AM,5,225,32.2,75399,2.08,11.87,304,0.29,2.98,35,189,0.22,0.52,0.35
"Ship 5","Bulkcarrier",12/07/15 12:00 PM,5,225,32.2,75399,2.08,12.39,307,0.28,3.23,47.48,200,0.21,0.4,0.31
"Ship 5","Bulkcarrier",12/07/15 01:00 PM,5,225,32.2,75399,2.08,12.41,302,0.29,3.28,54.86,208,0.24,0.5,0.36
"Ship 5","Bulkcarrier",12/07/15 02:00 PM,5,225,32.2,75399,2,12.43,298,0.28,3.09,56.24,208,0.22,0.51,0.34
"Ship 5","Bulkcarrier",12/08/15 03:00 AM,5,225,32.2,75399,2.25,12.02,298,0.23,2.9,17.33,221,0.21,0.47,0.32
"Ship 5","Bulkcarrier",12/08/15 04:00 AM,5,225,32.2,75399,1.9,11.82,301,0.22,2.4,16.9,227,0.23,0.51,0.35
"Ship 5","Bulkcarrier",12/08/15 05:00 AM,5,225,32.2,75399,1.85,11.15,300,0.19,1.86,20.13,230,0.18,0.4,0.28
"Ship 5","Bulkcarrier",12/08/15 06:00 AM,5,225,32.2,75399,1.91,11.65,299,0.21,1.45,17.04,237,0.19,0.39,0.27
"Ship 5","Bulkcarrier",12/08/15 07:00 AM,5,225,32.2,75399,2.27,11.08,297,0.21,1.28,17.82,226,0.19,0.48,0.3
"Ship 5","Bulkcarrier",12/08/15 08:00 AM,5,225,32.2,75399,1.89,10.83,300,0.17,1.36,15,254,0.2,0.37,0.28
"Ship 5","Bulkcarrier",12/08/15 09:00 AM,5,225,32.2,75399,2.09,10.72,301,0.22,1.68,17.76,244,0.21,0.46,0.33
"Ship 5","Bulkcarrier",12/09/15 10:00 AM,5,225,32.2,75399,3.17,12.37,311,0.27,1.67,6.02,127,0.22,0.51,0.34
"Ship 5","Bulkcarrier",12/09/15 11:00 AM,5,225,32.2,75399,2.91,10.78,307,0.28,2.23,21.04,140,0.24,0.55,0.34
"Ship 5","Bulkcarrier",12/09/15 12:00 PM,5,225,32.2,75399,2.8,11.74,312,0.33,2.79,17.84,159,0.22,0.56,0.34
"Ship 5","Bulkcarrier",12/09/15 01:00 PM,5,225,32.2,75399,2.86,12.22,315,0.31,3.2,3.36,257,0.26,0.65,0.42
"Ship 5","Bulkcarrier",12/09/15 02:00 PM,5,225,32.2,75399,2.71,11.08,312,0.33,3.35,1.46,233,0.25,0.96,0.41
"Ship 5","Bulkcarrier",12/09/15 03:00 PM,5,225,32.2,75399,2.91,11.14,315,0.33,3.21,1.59,268,0.22,0.55,0.32
"Ship 5","Bulkcarrier",12/09/15 04:00 PM,5,225,32.2,75399,2.78,11.28,315,0.3,2.79,1.68,142,0.22,0.49,0.33
"Ship 5","Bulkcarrier",12/10/15 09:00 AM,5,225,32.2,75399,2.68,11.08,319,0.21,0.92,11.59,198,0.18,0.45,0.28
"Ship 5","Bulkcarrier",12/10/15 10:00 AM,5,225,32.2,75399,2.51,10.84,314,0.24,1.27,13.09,220,0.2,0.48,0.3
"Ship 5","Bulkcarrier",12/10/15 11:00 AM,5,225,32.2,75399,2.48,11.05,317,0.23,1.84,10.33,260,0.18,0.5,0.26
"Ship 5","Bulkcarrier",12/10/15 12:00 PM,5,225,32.2,75399,2.46,11.06,312,0.26,2.48,10.91,277,0.18,0.44,0.29
"Ship 5","Bulkcarrier",12/10/15 01:00 PM,5,225,32.2,75399,2.69,11.01,317,0.3,3.05,7.06,231,0.21,0.48,0.32
"Ship 5","Bulkcarrier",12/10/15 02:00 PM,5,225,32.2,75399,2.28,10.99,309,0.24,3.4,4.7,278,0.21,0.43,0.32
"Ship 5","Bulkcarrier",12/11/15 12:00 AM,5,225,32.2,75399,2.16,10.94,308,0.27,2.39,13.82,142,0.21,0.57,0.34
"Ship 5","Bulkcarrier",12/11/15 01:00 AM,5,225,32.2,75399,2.46,10.79,308,0.27,3.06,14.17,147,0.2,0.55,0.3
"Ship 5","Bulkcarrier",12/11/15 02:00 AM,5,225,32.2,75399,2.39,10.73,309,0.26,3.52,18.54,150,0.21,0.55,0.32
"Ship 5","Bulkcarrier",12/11/15 03:00 AM,5,225,32.2,75399,2.22,10.1,309,0.35,3.66,18.32,146,0.19,0.43,0.29
"Ship 5","Bulkcarrier",12/11/15 04:00 AM,5,225,32.2,75399,2.53,10.6,311,0.26,3.44,17.45,142,0.22,0.61,0.32
"Ship 5","Bulkcarrier",12/11/15 05:00 AM,5,225,32.2,75399,2.14,9.98,312,0.23,2.91,10.97,138,0.2,0.43,0.31
"Ship 5","Bulkcarrier",12/11/15 06:00 AM,5,225,32.2,75399,2.43,10.92,313,0.2,2.2,8.95,158,0.23,0.5,0.33
"Ship 5","Bulkcarrier",12/11/15 08:00 AM,5,225,32.2,75399,2.12,10.67,312,0.21,0.95,14.73,142,0.16,0.45,0.25
"Ship 5","Bulkcarrier",12/11/15 09:00 AM,5,225,32.2,75399,2.13,10.8,319,0.2,0.76,11.55,142,0.15,0.41,0.24
"Ship 5","Bulkcarrier",12/11/15 10:00 AM,5,225,32.2,75399,2.21,10.26,311,0.17,0.93,11.59,134,0.14,0.4,0.23
"Ship 5","Bulkcarrier",12/11/15 11:00 AM,5,225,32.2,75399,2.26,10.16,315,0.2,1.41,11.04,139,0.16,0.36,0.23
"Ship 5","Bulkcarrier",12/11/15 12:00 PM,5,225,32.2,75399,2.16,10.58,318,0.21,2.08,5.85,158,0.18,0.35,0.27
"Ship 5","Bulkcarrier",12/11/15 01:00 PM,5,225,32.2,75399,2.58,10.18,323,0.22,2.77,7.65,117,0.18,0.48,0.29
"Ship 5","Bulkcarrier",12/11/15 02:00 PM,5,225,32.2,75399,2.73,11.92,318,0.27,3.28,11.48,38,0.24,0.51,0.36
"Ship 45","Bulkcarrier",01/11/16 06:00 PM,5,190,32.3,50779,3.54,12.3,302,0.27,3.35,41.77,287,0.35,0.85,0.53
"Ship 45","Bulkcarrier",01/11/16 07:00 PM,5,190,32.3,50779,3.54,12.3,302,0.24,2.58,38.19,290,0.38,0.79,0.53
"Ship 45","Bulkcarrier",01/11/16 08:00 PM,5,190,32.3,50779,3.52,12.3,303,0.29,1.74,35.7,289,0.34,0.8,0.5
"Ship 45","Bulkcarrier",01/11/16 09:00 PM,5,190,32.3,50779,3.5,12.3,304,0.29,1.06,31.02,287,0.32,0.77,0.49
"Ship 45","Bulkcarrier",01/11/16 10:00 PM,5,190,32.3,50779,3.43,12.3,305,0.39,0.74,24.52,261,0.29,0.64,0.41
"Ship 45","Bulkcarrier",01/11/16 11:00 PM,5,190,32.3,50779,3.33,12.3,307,0.29,0.86,24.99,233,0.33,0.72,0.51
"Ship 45","Bulkcarrier",01/12/16 12:00 AM,5,190,32.3,50779,3.19,12.3,307,0.32,1.36,28.55,230,0.3,0.72,0.46
"Ship 45","Bulkcarrier",01/12/16 01:00 AM,5,190,32.3,50779,3.06,12.3,308,0.26,2.12,28.77,229,0.3,0.84,0.48
"Ship 22","General Cargo",01/27/16 07:00 PM,4,106.1,15.5,6700,2.7,11.89,307,0.36,3.26,55.22,214,0.25,0.53,0.38
"Ship 22","General Cargo",01/27/16 08:00 PM,4,106.1,15.5,6700,2.45,10.29,303,0.3,2.67,53.59,214,0.23,0.5,0.34
"Ship 22","General Cargo",01/27/16 09:00 PM,4,106.1,15.5,6700,2.6,12.45,308,0.27,1.98,53.21,219,0.22,0.47,0.33
"Ship 31","General Cargo",02/02/16 11:00 AM,4,125.2,16.4,8049,3.6,13.69,314,0.4,2.69,18.61,230,0.39,0.93,0.56
"Ship 31","General Cargo",02/02/16 12:00 PM,4,125.2,16.4,8049,3.59,13.22,312,0.34,2.44,14.62,258,0.41,1.17,0.64
"Ship 31","General Cargo",02/02/16 01:00 PM,4,125.2,16.4,8049,3.81,13.58,313,0.34,2.13,17.55,273,0.37,0.79,0.57
"Ship 31","General Cargo",02/02/16 02:00 PM,4,125.2,16.4,8049,3.88,13.92,313,0.34,1.84,15.6,272,0.4,0.83,0.59
"Ship 31","General Cargo",02/02/16 03:00 PM,4,125.2,16.4,8049,3.62,12.99,313,0.33,1.62,19.16,280,0.4,1.09,0.57
"Ship 31","General Cargo",02/02/16 04:00 PM,4,125.2,16.4,8049,3.54,12.64,318,0.34,1.53,17.23,269,0.35,0.74,0.51
"Ship 31","General Cargo",02/02/16 05:00 PM,4,125.2,16.4,8049,3.51,11.75,315,0.33,1.59,14.01,244,0.34,0.73,0.49
"Ship 31","General Cargo",02/02/16 06:00 PM,4,125.2,16.4,8049,3.58,12.54,314,0.35,1.8,13.56,250,0.35,0.74,0.51
"Ship 31","General Cargo",02/02/16 07:00 PM,4,125.2,16.4,8049,3.68,12.24,320,0.31,2.07,18.28,185,0.29,0.69,0.45
"Ship 31","General Cargo",02/02/16 08:00 PM,4,125.2,16.4,8049,3.61,12.48,319,0.36,2.37,17.72,67,0.31,0.6,0.44
"Ship 31","General Cargo",02/02/16 09:00 PM,4,125.2,16.4,8049,3.19,12.45,316,0.31,2.62,20.44,90,0.28,0.65,0.42
"Ship 31","General Cargo",02/02/16 10:00 PM,4,125.2,16.4,8049,3.51,12.66,316,0.33,2.76,19.07,64,0.27,0.64,0.4
"Ship 31","General Cargo",02/02/16 11:00 PM,4,125.2,16.4,8049,3.28,12.81,316,0.3,2.76,16.21,42,0.25,0.49,0.36
"Ship 31","General Cargo",02/03/16 12:00 AM,4,125.2,16.4,8049,3.22,12.42,316,0.28,2.61,13.58,34,0.28,0.74,0.43
"Ship 31","General Cargo",02/03/16 01:00 AM,4,125.2,16.4,8049,3.53,12.45,320,0.3,2.35,12.52,34,0.24,0.5,0.37
"Ship 31","General Cargo",02/03/16 02:00 AM,4,125.2,16.4,8049,3.41,11.52,315,0.3,2.02,15.25,57,0.32,0.74,0.46
"Ship 31","General Cargo",02/03/16 10:00 AM,4,125.2,16.4,8049,3.04,11.29,324,0.27,2.6,22.68,30,0.37,0.78,0.54
"Ship 31","General Cargo",02/03/16 11:00 AM,4,125.2,16.4,8049,3.22,11.97,322,0.3,2.67,22.87,31,0.31,0.61,0.45
"Ship 31","General Cargo",02/03/16 12:00 PM,4,125.2,16.4,8049,2.91,12.05,324,0.26,2.59,24.98,34,0.32,0.62,0.47
"Ship 31","General Cargo",02/03/16 01:00 PM,4,125.2,16.4,8049,3.17,12.41,321,0.26,2.38,24.67,34,0.29,0.88,0.45
"Ship 31","General Cargo",02/03/16 02:00 PM,4,125.2,16.4,8049,3.05,11.49,327,0.23,2.08,25.22,33,0.28,0.58,0.43
"Ship 31","General Cargo",02/03/16 03:00 PM,4,125.2,16.4,8049,3.31,12,325,0.25,1.75,26.66,32,0.3,0.61,0.45
"Ship 31","General Cargo",02/03/16 04:00 PM,4,125.2,16.4,8049,3.08,11.89,328,0.23,1.48,29.29,35,0.32,0.59,0.45
"Ship 41","Bulkcarrier",02/11/16 12:00 PM,4,187,28.6,37000,3.51,12.34,325,0.18,0.6,13.55,295,0.34,0.61,0.48
"Ship 41","Bulkcarrier",02/11/16 01:00 PM,4,187,28.6,37000,3.28,12.22,329,0.16,1.19,20.93,291,0.43,0.87,0.63
"Ship 41","Bulkcarrier",02/11/16 02:00 PM,4,187,28.6,37000,2.95,10.94,329,0.16,2.03,21.16,268,0.39,0.79,0.58
"Ship 41","Bulkcarrier",02/11/16 03:00 PM,4,187,28.6,37000,2.82,12.13,324,0.16,2.92,19.54,276,0.39,0.89,0.58
"Ship 41","Bulkcarrier",02/11/16 04:00 PM,4,187,28.6,37000,2.68,11.73,319,0.18,3.65,28.89,256,0.32,0.8,0.52
"Ship 41","Bulkcarrier",02/11/16 05:00 PM,4,187,28.6,37000,2.58,10.09,321,0.18,4.03,31.73,255,0.38,0.89,0.61
"Ship 41","Bulkcarrier",02/11/16 06:00 PM,4,187,28.6,37000,2.46,11.31,316,0.14,3.96,31.34,252,0.32,0.9,0.49
"Ship 41","Bulkcarrier",02/11/16 07:00 PM,4,187,28.6,37000,2.43,11.14,313,0.16,3.47,23.98,248,0.38,0.86,0.56
"Ship 41","Bulkcarrier",02/11/16 08:00 PM,4,187,28.6,37000,2.61,12.02,314,0.17,2.68,43.58,231,0.38,0.7,0.53
"Ship 41","Bulkcarrier",02/11/16 09:00 PM,4,187,28.6,37000,3.03,12.08,316,0.14,1.78,44.81,232,0.33,0.84,0.5
"Ship 41","Bulkcarrier",02/11/16 10:00 PM,4,187,28.6,37000,2.55,11.05,317,0.15,1.02,31.49,253,0.29,0.7,0.42
"Ship 41","Bulkcarrier",02/11/16 11:00 PM,4,187,28.6,37000,2.77,11.02,314,0.14,0.62,32.16,259,0.27,0.64,0.4
"Ship 41","Bulkcarrier",02/12/16 12:00 AM,4,187,28.6,37000,2.76,10.9,309,0.15,0.69,31.26,268,0.23,0.49,0.34
"Ship 41","Bulkcarrier",02/12/16 01:00 AM,4,187,28.6,37000,2.58,10.94,305,0.13,1.18,35.51,267,0.26,0.56,0.39
"Ship 41","Bulkcarrier",02/12/16 02:00 AM,4,187,28.6,37000,2.59,10.33,305,0.15,2,35.36,264,0.35,1.01,0.51
"Ship 41","Bulkcarrier",02/12/16 03:00 AM,4,187,28.6,37000,2.56,9.67,309,0.13,2.92,40.48,269,0.33,0.82,0.5
"Ship 41","Bulkcarrier",02/12/16 04:00 AM,4,187,28.6,37000,2.82,10.11,307,0.13,3.74,40.3,272,0.33,0.61,0.46
"Ship 41","Bulkcarrier",02/12/16 05:00 AM,4,187,28.6,37000,3.04,9.97,305,0.15,4.25,38.71,271,0.29,0.75,0.45
"Ship 41","Bulkcarrier",02/12/16 06:00 AM,4,187,28.6,37000,2.83,9.39,309,0.17,4.35,37.24,270,0.31,0.67,0.45
"Ship 41","Bulkcarrier",02/12/16 07:00 AM,4,187,28.6,37000,2.96,8.81,307,0.16,4,32.3,269,0.32,0.65,0.45
"Ship 41","Bulkcarrier",02/15/16 09:00 AM,4,187,28.6,37000,6.65,12.46,332,0.43,3.24,44.17,31,0.65,1.36,0.96
"Ship 41","Bulkcarrier",02/15/16 10:00 AM,4,187,28.6,37000,6.82,12.49,332,0.38,2.93,43.26,32,0.5,1.13,0.76
"Ship 41","Bulkcarrier",02/15/16 11:00 AM,4,187,28.6,37000,6.34,12.47,333,0.39,2.41,39.45,34,0.57,1.16,0.86
"Ship 41","Bulkcarrier",02/15/16 12:00 PM,4,187,28.6,37000,5.38,12.32,334,0.32,1.81,34.08,36,0.49,1.01,0.74
"Ship 41","Bulkcarrier",02/15/16 01:00 PM,4,187,28.6,37000,5.37,12.07,330,0.3,1.31,33.48,36,0.53,1.14,0.77
"Ship 41","Bulkcarrier",02/15/16 02:00 PM,4,187,28.6,37000,5.49,12.24,329,0.32,1.02,30.58,34,0.52,1.27,0.74
"Ship 41","Bulkcarrier",02/15/16 03:00 PM,4,187,28.6,37000,4.62,12.27,331,0.27,0.99,30.05,35,0.55,1.24,0.8
"Ship 41","Bulkcarrier",02/15/16 04:00 PM,4,187,28.6,37000,5.04,11.87,330,0.36,1.2,28.63,38,0.47,0.84,0.67
"Ship 41","Bulkcarrier",02/15/16 05:00 PM,4,187,28.6,37000,4.85,12.09,329,0.25,1.61,31.25,38,0.49,0.91,0.69
"Ship 41","Bulkcarrier",02/15/16 06:00 PM,4,187,28.6,37000,4.37,12,332,0.23,2.1,33.12,41,0.48,1.04,0.71
"Ship 41","Bulkcarrier",02/15/16 07:00 PM,4,187,28.6,37000,4.43,11.27,327,0.23,2.55,28.74,40,0.41,0.89,0.61
"Ship 41","Bulkcarrier",02/15/16 08:00 PM,4,187,28.6,37000,3.97,11.09,329,0.24,2.87,34.17,49,0.41,1,0.6
"Ship 41","Bulkcarrier",02/15/16 09:00 PM,4,187,28.6,37000,3.66,10.49,333,0.22,2.98,34.93,54,0.46,1,0.67
"Ship 41","Bulkcarrier",02/15/16 10:00 PM,4,187,28.6,37000,3.76,11.04,334,0.23,2.87,31.28,57,0.42,1,0.6
"Ship 41","Bulkcarrier",02/15/16 11:00 PM,4,187,28.6,37000,3.46,11.2,333,0.2,2.54,25.03,59,0.38,0.78,0.56
"Ship 41","Bulkcarrier",02/16/16 12:00 AM,4,187,28.6,37000,3.35,10.94,331,0.19,2.06,28.07,56,0.41,0.75,0.6
"Ship 41","Bulkcarrier",02/16/16 01:00 AM,4,187,28.6,37000,3.47,10.92,334,0.18,1.56,29.28,52,0.38,0.69,0.55
"Ship 41","Bulkcarrier",02/16/16 02:00 AM,4,187,28.6,37000,3.2,10.63,336,0.18,1.18,22.85,67,0.35,0.78,0.49
"Ship 41","Bulkcarrier",02/16/16 03:00 AM,4,187,28.6,37000,3.33,10.65,331,0.26,1.01,20.02,69,0.31,0.7,0.46
"Ship 41","Bulkcarrier",02/16/16 04:00 AM,4,187,28.6,37000,3.05,10.71,336,0.14,1.07,12.83,123,0.34,0.69,0.49
"Ship 41","Bulkcarrier",02/16/16 05:00 AM,4,187,28.6,37000,2.89,11.01,329,0.16,1.34,14.23,143,0.32,0.78,0.5
"Ship 41","Bulkcarrier",02/16/16 06:00 AM,4,187,28.6,37000,2.69,10.39,331,0.16,1.76,13.33,150,0.36,0.71,0.53
"Ship 41","Bulkcarrier",02/16/16 07:00 AM,4,187,28.6,37000,2.98,11.02,324,0.15,2.22,13.03,148,0.35,0.75,0.52
"Ship 41","Bulkcarrier",02/16/16 08:00 AM,4,187,28.6,37000,2.72,9.75,329,0.14,2.63,12.82,145,0.35,1.05,0.53
"Ship 41","Bulkcarrier",02/16/16 12:00 PM,4,187,28.6,37000,2.22,9.97,328,0.14,2.38,12.43,40,0.31,0.79,0.49
"Ship 41","Bulkcarrier",02/16/16 01:00 PM,4,187,28.6,37000,2.61,10,325,0.13,1.9,8.98,36,0.31,0.71,0.48
"Ship 41","Bulkcarrier",02/16/16 02:00 PM,4,187,28.6,37000,2.31,10.86,326,0.13,1.47,11.14,39,0.33,0.85,0.51
"Ship 41","Bulkcarrier",02/16/16 03:00 PM,4,187,28.6,37000,2.3,9.2,329,0.13,1.2,12.85,38,0.28,0.7,0.46
"Ship 41","Bulkcarrier",02/16/16 04:00 PM,4,187,28.6,37000,2.51,10.07,324,0.12,1.13,14.72,38,0.28,0.69,0.43
"Ship 41","Bulkcarrier",02/16/16 05:00 PM,4,187,28.6,37000,2.23,10.04,326,0.11,1.28,12.67,36,0.26,0.68,0.42
"Ship 41","Bulkcarrier",02/16/16 06:00 PM,4,187,28.6,37000,1.94,9.63,327,0.12,1.6,11.34,56,0.27,0.56,0.39
"Ship 41","Bulkcarrier",02/16/16 07:00 PM,4,187,28.6,37000,1.96,9.8,323,0.12,2.01,10.34,89,0.22,0.54,0.34
"Ship 41","Bulkcarrier",02/16/16 08:00 PM,4,187,28.6,37000,1.87,11.21,314,0.1,2.43,11.5,127,0.26,0.66,0.39
"Ship 41","Bulkcarrier",02/16/16 09:00 PM,4,187,28.6,37000,1.92,11.07,313,0.11,2.76,12.48,146,0.25,0.5,0.36
"Ship 41","Bulkcarrier",02/16/16 10:00 PM,4,187,28.6,37000,1.76,11.37,314,0.1,2.94,9.48,154,0.25,0.55,0.38
"Ship 41","Bulkcarrier",02/16/16 11:00 PM,4,187,28.6,37000,1.75,10.29,315,0.1,2.94,12.85,158,0.25,0.62,0.39
"Ship 41","Bulkcarrier",02/17/16 12:00 AM,4,187,28.6,37000,1.69,10.16,314,0.1,2.73,13.46,149,0.27,0.63,0.41
"Ship 41","Bulkcarrier",02/17/16 01:00 AM,4,187,28.6,37000,1.76,10.97,315,0.09,2.34,12.45,162,0.22,0.59,0.32
"Ship 41","Bulkcarrier",02/17/16 02:00 AM,4,187,28.6,37000,1.74,10.94,310,0.09,1.89,13.33,156,0.26,0.74,0.42
"Ship 41","Bulkcarrier",02/17/16 03:00 AM,4,187,28.6,37000,1.49,10.56,312,0.09,1.5,17.07,197,0.2,0.45,0.3
"Ship 41","Bulkcarrier",02/17/16 04:00 AM,4,187,28.6,37000,1.56,11.04,314,0.09,1.26,30.18,220,0.24,0.51,0.37
"Ship 41","Bulkcarrier",02/17/16 05:00 AM,4,187,28.6,37000,1.7,11.02,312,0.08,1.23,29.54,221,0.21,0.48,0.31
"Ship 41","Bulkcarrier",02/17/16 06:00 AM,4,187,28.6,37000,1.59,10.51,314,0.09,1.4,27.81,216,0.23,0.52,0.33
"Ship 41","Bulkcarrier",02/17/16 07:00 AM,4,187,28.6,37000,1.52,10.23,311,0.09,1.75,29.33,209,0.24,0.48,0.34
"Ship 41","Bulkcarrier",02/17/16 08:00 AM,4,187,28.6,37000,1.8,10.31,308,0.09,2.19,32.83,214,0.21,0.57,0.32
"Ship 41","Bulkcarrier",02/17/16 01:00 PM,4,187,28.6,37000,2.2,10.2,306,0.14,2.73,29.14,296,0.25,0.56,0.37
"Ship 41","Bulkcarrier",02/17/16 02:00 PM,4,187,28.6,37000,2.39,11.08,309,0.16,2.31,19.75,271,0.22,0.63,0.33
"Ship 41","Bulkcarrier",02/17/16 03:00 PM,4,187,28.6,37000,2.69,10.09,308,0.18,1.86,24.42,309,0.25,0.5,0.36
"Ship 41","Bulkcarrier",02/17/16 04:00 PM,4,187,28.6,37000,2.96,11.25,311,0.19,1.52,24.02,252,0.25,0.66,0.37
"Ship 41","Bulkcarrier",02/17/16 05:00 PM,4,187,28.6,37000,3.44,14.01,314,0.26,1.36,23.71,211,0.36,0.68,0.51
"Ship 41","Bulkcarrier",02/17/16 06:00 PM,4,187,28.6,37000,3.83,13.87,314,0.27,1.41,19.57,245,0.34,0.91,0.53
"Ship 41","Bulkcarrier",02/17/16 07:00 PM,4,187,28.6,37000,4.03,13.74,319,0.28,1.66,30.03,217,0.33,0.75,0.49
"Ship 41","Bulkcarrier",02/17/16 08:00 PM,4,187,28.6,37000,3.9,13.3,314,0.27,2.04,17.24,235,0.3,0.71,0.47
"Ship 41","Bulkcarrier",02/17/16 09:00 PM,4,187,28.6,37000,3.78,13.35,312,0.24,2.47,20.81,154,0.34,0.64,0.48
"Ship 41","Bulkcarrier",02/17/16 10:00 PM,4,187,28.6,37000,3.75,13.74,315,0.32,2.85,17.98,96,0.41,0.97,0.61
"Ship 41","Bulkcarrier",02/17/16 11:00 PM,4,187,28.6,37000,3.96,14.14,312,0.28,3.1,23.69,177,0.34,0.69,0.5
"Ship 41","Bulkcarrier",02/18/16 12:00 AM,4,187,28.6,37000,4.25,12.71,310,0.28,3.15,28.75,156,0.36,0.88,0.54
"Ship 41","Bulkcarrier",02/18/16 01:00 AM,4,187,28.6,37000,4.67,12.5,311,0.3,2.98,16.69,97,0.42,0.86,0.62
"Ship 41","Bulkcarrier",02/18/16 02:00 AM,4,187,28.6,37000,4.18,12.18,309,0.26,2.62,21.43,144,0.34,0.71,0.5
"Ship 41","Bulkcarrier",02/18/16 03:00 AM,4,187,28.6,37000,4.17,13.18,313,0.26,2.15,21.65,283,0.31,0.75,0.48
"Ship 41","Bulkcarrier",02/18/16 04:00 AM,4,187,28.6,37000,4.44,13.55,318,0.29,1.68,20.6,131,0.32,0.67,0.47
"Ship 41","Bulkcarrier",02/18/16 05:00 AM,4,187,28.6,37000,4.66,12.66,318,0.25,1.34,17.46,164,0.31,0.66,0.45
"Ship 41","Bulkcarrier",02/18/16 06:00 AM,4,187,28.6,37000,4.2,12.8,318,0.27,1.2,12.4,170,0.34,0.67,0.49
"Ship 41","Bulkcarrier",02/18/16 07:00 AM,4,187,28.6,37000,4.36,12.77,317,0.26,1.3,12.58,238,0.34,0.95,0.54
"Ship 41","Bulkcarrier",02/18/16 08:00 AM,4,187,28.6,37000,4.15,13.35,320,0.28,1.61,13.98,168,0.32,0.68,0.49
"Ship 41","Bulkcarrier",02/18/16 09:00 AM,4,187,28.6,37000,3.76,12.02,318,0.26,2.04,15.95,189,0.36,0.74,0.53
"Ship 41","Bulkcarrier",02/18/16 10:00 AM,4,187,28.6,37000,3.65,12.26,317,0.27,2.51,15.54,128,0.46,1.08,0.69
"Ship 41","Bulkcarrier",02/18/16 11:00 AM,4,187,28.6,37000,3.97,12.91,317,0.25,2.89,13.06,172,0.49,1.09,0.73
"Ship 41","Bulkcarrier",02/18/16 12:00 PM,4,187,28.6,37000,3.86,12.82,314,0.26,3.08,13.24,76,0.44,0.83,0.61
"Ship 41","Bulkcarrier",02/18/16 01:00 PM,4,187,28.6,37000,4.09,12.51,320,0.26,3.04,11.94,128,0.39,1.07,0.6
"Ship 41","Bulkcarrier",02/18/16 02:00 PM,4,187,28.6,37000,4.04,13.83,319,0.27,2.76,9.12,279,0.4,1.02,0.58
"Ship 41","Bulkcarrier",02/18/16 03:00 PM,4,187,28.6,37000,3.96,12.53,317,0.27,2.31,10.5,132,0.44,1.04,0.66
"Ship 37","Bulkcarrier",02/26/16 11:00 AM,5,225,32.3,75668,1.67,7.1,309,0.07,0.97,26,295,0.06,0.13,0.09
"Ship 37","Bulkcarrier",02/26/16 12:00 PM,5,225,32.3,75668,1.62,7.2,308,0.06,1.02,18,301,0.07,0.13,0.09
"Ship 37","Bulkcarrier",02/26/16 01:00 PM,5,225,32.3,75668,1.6,6.2,312,0.08,1.41,22,312,0.07,0.14,0.1
"Ship 37","Bulkcarrier",02/26/16 02:00 PM,5,225,32.3,75668,1.81,5.8,312,0.1,2.04,21,231,0.07,0.15,0.11
"Ship 37","Bulkcarrier",02/26/16 03:00 PM,5,225,32.3,75668,1.87,5.5,321,0.09,2.74,30,79,0.07,0.15,0.11
"Ship 37","Bulkcarrier",02/26/16 04:00 PM,5,225,32.3,75668,2.15,5.6,321,0.11,3.32,35,76,0.09,0.19,0.14
"Ship 37","Bulkcarrier",02/26/16 05:00 PM,5,225,32.3,75668,2.6,6.6,325,0.15,3.66,35,117,0.1,0.19,0.15
"Ship 37","Bulkcarrier",02/26/16 06:00 PM,5,225,32.3,75668,2.69,6.7,325,0.17,3.65,34,86,0.11,0.23,0.16
"Ship 37","Bulkcarrier",02/26/16 07:00 PM,5,225,32.3,75668,2.99,7.1,327,0.19,3.32,37,101,0.11,0.25,0.18
"Ship 37","Bulkcarrier",02/26/16 08:00 PM,5,225,32.3,75668,3.34,7.1,328,0.2,2.73,33,70,0.14,0.32,0.21
"Ship 37","Bulkcarrier",02/26/16 09:00 PM,5,225,32.3,75668,3.58,7.5,329,0.23,2.03,35,122,0.16,0.34,0.23
"Ship 37","Bulkcarrier",02/26/16 10:00 PM,5,225,32.3,75668,4.44,8.2,328,0.21,1.41,29,132,0.17,0.4,0.27
"Ship 37","Bulkcarrier",02/26/16 11:00 PM,5,225,32.3,75668,4.17,8.4,326,0.23,1.04,29,114,0.17,0.38,0.25
"Ship 37","Bulkcarrier",02/27/16 12:00 AM,5,225,32.3,75668,3.92,9.7,326,0.25,1.03,33,233,0.2,0.47,0.31
"Ship 37","Bulkcarrier",02/27/16 01:00 AM,5,225,32.3,75668,4.07,9,332,0.27,1.36,25,187,0.23,0.59,0.34
"Ship 37","Bulkcarrier",02/27/16 02:00 AM,5,225,32.3,75668,4.19,12.6,330,0.26,1.94,30,198,0.19,0.47,0.31
"Ship 37","Bulkcarrier",02/27/16 03:00 AM,5,225,32.3,75668,4.61,9.3,332,0.25,2.61,31,169,0.24,0.53,0.34
"Ship 37","Bulkcarrier",02/27/16 04:00 AM,5,225,32.3,75668,4.47,11,328,0.25,3.22,34,196,0.21,0.49,0.32
"Ship 37","Bulkcarrier",02/27/16 05:00 AM,5,225,32.3,75668,4.49,11.5,332,0.28,3.6,28,165,0.23,0.5,0.34
"Ship 37","Bulkcarrier",02/27/16 06:00 AM,5,225,32.3,75668,4.8,9.2,329,0.27,3.67,32,168,0.25,0.54,0.37
"Ship 37","Bulkcarrier",02/27/16 07:00 AM,5,225,32.3,75668,4.99,9.3,327,0.31,3.43,34,197,0.24,0.55,0.36
"Ship 37","Bulkcarrier",02/27/16 08:00 AM,5,225,32.3,75668,4.8,9.2,327,0.29,2.92,39,148,0.24,0.61,0.36
"Ship 37","Bulkcarrier",02/27/16 09:00 AM,5,225,32.3,75668,5.02,9,329,0.28,2.27,34,296,0.24,0.59,0.38
"Ship 37","Bulkcarrier",02/29/16 12:00 PM,5,225,32.3,75668,2.14,8.2,346,0.09,1.24,22,36,0.07,0.16,0.11
"Ship 37","Bulkcarrier",02/29/16 01:00 PM,5,225,32.3,75668,2.04,7.5,348,0.09,1.1,23,33,0.08,0.23,0.11
"Ship 37","Bulkcarrier",02/29/16 02:00 PM,5,225,32.3,75668,1.91,8.1,349,0.09,1.2,22,35,0.08,0.17,0.11
"Ship 37","Bulkcarrier",02/29/16 03:00 PM,5,225,32.3,75668,1.97,7.8,350,0.09,1.51,24,34,0.07,0.2,0.11
"Ship 37","Bulkcarrier",02/29/16 04:00 PM,5,225,32.3,75668,1.92,8.2,353,0.1,1.94,24,34,0.09,0.17,0.13
"Ship 37","Bulkcarrier",02/29/16 05:00 PM,5,225,32.3,75668,1.8,8,353,0.1,2.39,26,35,0.08,0.21,0.12
"Ship 37","Bulkcarrier",02/29/16 06:00 PM,5,225,32.3,75668,1.78,8.1,352,0.1,2.75,27,35,0.08,0.21,0.12
"Ship 37","Bulkcarrier",02/29/16 07:00 PM,5,225,32.3,75668,1.73,8.4,347,0.09,2.92,24,51,0.09,0.17,0.12
"Ship 37","Bulkcarrier",02/29/16 08:00 PM,5,225,32.3,75668,1.56,8,346,0.1,2.88,22,46,0.09,0.14,0.12
"Ship 37","Bulkcarrier",02/29/16 09:00 PM,5,225,32.3,75668,1.71,8.8,336,0.09,2.63,19,45,0.06,0.14,0.09
"Ship 37","Bulkcarrier",02/29/16 10:00 PM,5,225,32.3,75668,1.7,8.1,335,0.08,2.24,15,97,0.07,0.15,0.1
"Ship 37","Bulkcarrier",02/29/16 11:00 PM,5,225,32.3,75668,1.6,8.9,332,0.08,1.8,14,141,0.08,0.15,0.12
"Ship 37","Bulkcarrier",03/01/16 12:00 AM,5,225,32.3,75668,1.64,10.2,333,0.07,1.43,16,142,0.06,0.13,0.09
"Ship 37","Bulkcarrier",03/01/16 01:00 AM,5,225,32.3,75668,1.57,8.3,338,0.07,1.22,13,135,0.06,0.13,0.09
"Ship 37","Bulkcarrier",03/01/16 02:00 AM,5,225,32.3,75668,1.45,8.1,342,0.07,1.23,14,142,0.06,0.13,0.09
"Ship 37","Bulkcarrier",03/01/16 03:00 AM,5,225,32.3,75668,1.36,8,343,0.08,1.44,16,150,0.06,0.12,0.09
"Ship 37","Bulkcarrier",03/01/16 04:00 AM,5,225,32.3,75668,1.41,8.5,341,0.07,1.79,16,144,0.07,0.18,0.1
"Ship 37","Bulkcarrier",03/01/16 05:00 AM,5,225,32.3,75668,1.4,8.6,338,0.07,2.2,15,146,0.06,0.15,0.09
"Ship 37","Bulkcarrier",03/01/16 06:00 AM,5,225,32.3,75668,1.26,7.9,336,0.06,2.56,13,148,0.07,0.15,0.1
"Ship 37","Bulkcarrier",03/01/16 07:00 AM,5,225,32.3,75668,1.31,8.8,331,0.07,2.77,15,146,0.07,0.16,0.1
"Ship 37","Bulkcarrier",03/01/16 08:00 AM,5,225,32.3,75668,1.28,8.1,326,0.07,2.81,13,147,0.09,0.17,0.12
"Ship 37","Bulkcarrier",03/01/16 10:00 AM,5,225,32.3,75668,1.16,8.7,320,0.06,2.36,8,230,0.09,0.18,0.13
"Ship 37","Bulkcarrier",03/01/16 11:00 AM,5,225,32.3,75668,1.23,8.4,317,0.06,1.98,11,271,0.07,0.15,0.11
"Ship 37","Bulkcarrier",03/01/16 12:00 PM,5,225,32.3,75668,1.24,8.9,316,0.07,1.61,15,297,0.07,0.16,0.1
"Ship 37","Bulkcarrier",03/01/16 01:00 PM,5,225,32.3,75668,1.22,9.3,315,0.08,1.36,22,293,0.08,0.16,0.12
"Ship 37","Bulkcarrier",03/01/16 02:00 PM,5,225,32.3,75668,1.24,9,310,0.07,1.29,25,283,0.07,0.15,0.1
"Ship 37","Bulkcarrier",03/01/16 03:00 PM,5,225,32.3,75668,1.11,8.7,308,0.07,1.4,21,259,0.07,0.17,0.11
"Ship 37","Bulkcarrier",03/01/16 04:00 PM,5,225,32.3,75668,1.21,9,312,0.07,1.67,18,260,0.09,0.19,0.12
"Ship 37","Bulkcarrier",03/01/16 05:00 PM,5,225,32.3,75668,1.26,9.4,316,0.07,2.03,18,269,0.09,0.21,0.14
"Ship 37","Bulkcarrier",03/01/16 06:00 PM,5,225,32.3,75668,1.3,9.2,314,0.08,2.39,20,261,0.09,0.18,0.13
"Ship 37","Bulkcarrier",03/01/16 07:00 PM,5,225,32.3,75668,1.34,9.5,314,0.08,2.67,19,250,0.1,0.24,0.16
"Ship 37","Bulkcarrier",03/02/16 09:00 AM,5,225,32.3,75668,2.99,10.8,321,0.16,2.74,22,320,0.19,0.34,0.27
"Ship 37","Bulkcarrier",03/02/16 10:00 AM,5,225,32.3,75668,2.88,10.8,321,0.16,2.62,19,308,0.18,0.38,0.27
"Ship 37","Bulkcarrier",03/02/16 11:00 AM,5,225,32.3,75668,2.98,10.7,320,0.18,2.37,20,285,0.16,0.37,0.23
"Ship 37","Bulkcarrier",03/02/16 12:00 PM,5,225,32.3,75668,2.82,10.1,321,0.15,2.06,21,308,0.17,0.47,0.25
"Ship 37","Bulkcarrier",03/02/16 01:00 PM,5,225,32.3,75668,2.76,10.5,318,0.14,1.76,24,313,0.21,0.48,0.29
"Ship 37","Bulkcarrier",03/02/16 02:00 PM,5,225,32.3,75668,2.75,9.4,319,0.15,1.54,22,307,0.17,0.42,0.26
"Ship 37","Bulkcarrier",03/02/16 03:00 PM,5,225,32.3,75668,2.83,10.3,324,0.14,1.46,20,300,0.17,0.31,0.23
"Ship 37","Bulkcarrier",03/02/16 04:00 PM,5,225,32.3,75668,3.09,10.5,326,0.14,1.53,21,320,0.17,0.41,0.24
"Ship 37","Bulkcarrier",03/02/16 05:00 PM,5,225,32.3,75668,2.93,9.9,325,0.16,1.72,21,307,0.16,0.32,0.23
"Ship 37","Bulkcarrier",03/02/16 06:00 PM,5,225,32.3,75668,2.87,10.1,326,0.16,2.01,17,275,0.18,0.36,0.28
"Ship 37","Bulkcarrier",03/02/16 07:00 PM,5,225,32.3,75668,2.81,10.2,331,0.18,2.33,17,270,0.16,0.36,0.23
"Ship 37","Bulkcarrier",03/02/16 08:00 PM,5,225,32.3,75668,3.27,10.1,332,0.18,2.58,14,275,0.21,0.43,0.3
"Ship 37","Bulkcarrier",03/02/16 09:00 PM,5,225,32.3,75668,3.58,11,332,0.21,2.73,18,325,0.25,0.57,0.36
"Ship 37","Bulkcarrier",03/02/16 10:00 PM,5,225,32.3,75668,3.77,10.5,333,0.24,2.73,17,321,0.24,0.59,0.35
"Ship 37","Bulkcarrier",03/02/16 11:00 PM,5,225,32.3,75668,4.01,10.6,337,0.33,2.58,20,319,0.28,0.58,0.41
"Ship 37","Bulkcarrier",03/03/16 12:00 AM,5,225,32.3,75668,3.76,11.2,339,0.38,2.31,16,285,0.25,0.62,0.4
"Ship 37","Bulkcarrier",03/03/16 01:00 AM,5,225,32.3,75668,4.63,12.8,337,0.38,1.99,16,315,0.32,0.91,0.52
"Ship 37","Bulkcarrier",03/03/16 02:00 AM,5,225,32.3,75668,5.44,14.1,337,0.45,1.72,16,323,0.35,0.92,0.55
"Ship 37","Bulkcarrier",03/03/16 03:00 AM,5,225,32.3,75668,5.45,13.8,336,0.38,1.54,16,322,0.35,0.74,0.54
"Ship 37","Bulkcarrier",03/03/16 04:00 AM,5,225,32.3,75668,4.96,12.6,334,0.41,1.5,18,323,0.33,0.74,0.49
"Ship 37","Bulkcarrier",03/03/16 05:00 AM,5,225,32.3,75668,5.17,12.7,335,0.39,1.6,13,228,0.37,0.79,0.54
"Ship 37","Bulkcarrier",03/03/16 06:00 AM,5,225,32.3,75668,5.06,13.6,335,0.43,1.82,11,293,0.3,0.84,0.45
"Ship 37","Bulkcarrier",03/03/16 07:00 AM,5,225,32.3,75668,4.87,12.2,332,0.38,2.1,14,302,0.36,0.73,0.54
"Ship 37","Bulkcarrier",03/03/16 08:00 AM,5,225,32.3,75668,4.81,12,333,0.4,2.39,12,311,0.36,0.73,0.52
"Ship 40","Bulkcarrier",02/09/17 11:00 AM,4,225,32.26,75499,2.62,16.4,311,0.24,2.09,8,108,0.24,0.49,0.36
"Ship 40","Bulkcarrier",02/09/17 11:59 AM,4,225,32.26,75499,2.64,16.4,310,0.23,2.84,8,106,0.24,0.47,0.35
"Ship 40","Bulkcarrier",02/09/17 12:59 PM,4,225,32.26,75499,2.65,18,309,0.27,3.45,23,196,0.29,0.77,0.43
"Ship 40","Bulkcarrier",02/09/17 01:59 PM,4,225,32.26,75499,2.66,18,309,0.24,3.76,20,179,0.3,0.66,0.45
"Ship 40","Bulkcarrier",02/09/17 02:59 PM,4,225,32.26,75499,2.69,18,308,0.29,3.68,17,132,0.24,0.56,0.37
"Ship 40","Bulkcarrier",02/09/17 03:59 PM,4,225,32.26,75499,2.71,18,307,0.23,3.26,23,173,0.25,0.63,0.39
"Ship 40","Bulkcarrier",02/09/17 04:59 PM,4,225,32.26,75499,2.71,18,305,0.25,2.57,34,179,0.27,0.62,0.42
"Ship 40","Bulkcarrier",02/09/17 05:59 PM,4,225,32.26,75499,2.69,18,304,0.24,1.8,29,210,0.24,0.55,0.35
"Ship 40","Bulkcarrier",02/09/17 08:59 PM,4,225,32.26,75499,2.45,16.4,305,0.27,0.93,46,176,0.29,0.72,0.43
"Ship 40","Bulkcarrier",02/09/17 09:59 PM,4,225,32.26,75499,2.42,16.4,305,0.3,1.39,50,173,0.31,0.86,0.51
"Ship 40","Bulkcarrier",02/09/17 10:59 PM,4,225,32.26,75499,2.44,16.4,303,0.31,2.09,57,194,0.32,0.65,0.5
"Ship 40","Bulkcarrier",02/10/17 12:00 AM,4,225,32.26,75499,2.44,16.4,303,0.36,2.89,60,200,0.31,0.69,0.45
"Ship 40","Bulkcarrier",02/10/17 12:59 AM,4,225,32.26,75499,2.38,16.4,303,0.38,3.59,18,141,0.29,0.87,0.43
"Ship 40","Bulkcarrier",02/10/17 01:59 AM,4,225,32.26,75499,2.33,16.4,304,0.33,4,22,156,0.33,0.72,0.49
"Ship 40","Bulkcarrier",02/10/17 02:59 AM,4,225,32.26,75499,2.3,14.9,304,0.33,4.05,27,157,0.34,0.88,0.52
"Ship 40","Bulkcarrier",02/10/17 03:59 AM,4,225,32.26,75499,2.31,14.9,303,0.31,3.72,25,151,0.31,0.59,0.45
"Ship 40","Bulkcarrier",02/10/17 04:59 AM,4,225,32.26,75499,2.37,14.9,302,0.31,3.04,20,169,0.32,0.73,0.48
"Ship 40","Bulkcarrier",02/10/17 05:59 AM,4,225,32.26,75499,2.46,14.9,302,0.24,2.18,25,151,0.26,0.56,0.38
"Ship 40","Bulkcarrier",02/10/17 06:59 AM,4,225,32.26,75499,2.55,14.9,301,0.25,1.37,24,162,0.28,0.56,0.42
"Ship 40","Bulkcarrier",02/10/17 07:59 AM,4,225,32.26,75499,2.66,14.9,301,0.26,0.83,25,158,0.26,0.6,0.41
"Ship 40","Bulkcarrier",02/10/17 08:59 AM,4,225,32.26,75499,2.75,14.9,302,0.25,0.67,30,159,0.3,0.69,0.44
"Ship 40","Bulkcarrier",02/10/17 09:59 AM,4,225,32.26,75499,2.82,14.9,302,0.32,0.93,28,156,0.32,0.77,0.49
"Ship 40","Bulkcarrier",02/10/17 10:59 AM,4,225,32.26,75499,2.88,14.9,302,0.31,1.53,16,149,0.3,0.67,0.47
"Ship 40","Bulkcarrier",02/10/17 11:59 AM,4,225,32.26,75499,2.93,14.9,303,0.33,2.32,20,179,0.34,0.65,0.5
"Ship 23","Bulkcarrier",01/11/18 05:00 PM,5,229.5,36.92,92598,3.84,9.8,319,0.3,1.37,16,294,0.28,0.55,0.41
"Ship 23","Bulkcarrier",01/11/18 05:59 PM,5,229.5,36.92,92598,3.98,10.1,320,0.33,1.34,13,297,0.3,0.6,0.46
"Ship 23","Bulkcarrier",01/11/18 06:59 PM,5,229.5,36.92,92598,3.61,11.7,317,0.3,1.51,16,232,0.3,0.62,0.45
"Ship 23","Bulkcarrier",01/11/18 07:59 PM,5,229.5,36.92,92598,4.08,12.1,318,0.31,1.86,24,220,0.28,0.62,0.42
"Ship 23","Bulkcarrier",01/11/18 08:59 PM,5,229.5,36.92,92598,3.94,10.4,317,0.31,2.28,19,203,0.25,0.45,0.35
"Ship 23","Bulkcarrier",01/11/18 09:59 PM,5,229.5,36.92,92598,3.64,10.5,314,0.31,2.67,19,197,0.27,0.58,0.4
"Ship 23","Bulkcarrier",01/11/18 10:59 PM,5,229.5,36.92,92598,3.63,11.2,315,0.3,2.96,14,171,0.28,0.6,0.42
"Ship 23","Bulkcarrier",01/12/18 12:00 AM,5,229.5,36.92,92598,3.45,10.7,318,0.27,3.08,13,216,0.25,0.52,0.38
"Ship 23","Bulkcarrier",01/12/18 12:59 AM,5,229.5,36.92,92598,2.94,11.3,317,0.28,2.98,12,183,0.25,0.5,0.38
"Ship 23","Bulkcarrier",01/12/18 01:59 AM,5,229.5,36.92,92598,3.17,11,316,0.28,2.68,15,157,0.25,0.51,0.38
"Ship 23","Bulkcarrier",01/12/18 09:00 AM,5,229.5,36.92,92598,1.96,11.4,312,0.2,2.17,18,153,0.18,0.37,0.27
"Ship 23","Bulkcarrier",01/12/18 10:00 AM,5,229.5,36.92,92598,1.78,10.5,314,0.21,2.59,16,152,0.18,0.37,0.26
"Ship 23","Bulkcarrier",01/12/18 11:00 AM,5,229.5,36.92,92598,1.82,11.1,310,0.23,2.92,23,178,0.19,0.56,0.29
"Ship 23","Bulkcarrier",01/12/18 12:00 PM,5,229.5,36.92,92598,1.67,10.8,309,0.19,3.1,28,139,0.17,0.36,0.24
"Ship 23","Bulkcarrier",01/12/18 01:00 PM,5,229.5,36.92,92598,1.42,10.5,308,0.24,3.08,20,143,0.14,0.27,0.19
"Ship 23","Bulkcarrier",01/12/18 02:00 PM,5,229.5,36.92,92598,1.38,10.8,304,0.19,2.86,29,191,0.15,0.28,0.22
"Ship 23","Bulkcarrier",01/12/18 03:00 PM,5,229.5,36.92,92598,1.4,10.9,301,0.18,2.48,47,195,0.13,0.31,0.19
"Ship 23","Bulkcarrier",01/12/18 04:00 PM,5,229.5,36.92,92598,1.47,10.8,296,0.16,2.03,53,194,0.14,0.29,0.19
"Ship 9","Bulkcarrier",01/23/18 11:00 AM,5,224.98,32.24,77105,1.19,13.3,333,0.23,2.58,9,83,0.22,0.63,0.33
"Ship 9","Bulkcarrier",01/23/18 12:00 PM,5,224.98,32.24,77105,1.15,12.5,330,0.25,2.07,12,20,0.23,0.48,0.34
"Ship 9","Bulkcarrier",01/23/18 02:00 PM,5,224.98,32.24,77105,1.23,12.5,327,0.23,1.39,13,13,0.19,0.41,0.29
"Ship 9","Bulkcarrier",01/23/18 03:00 PM,5,224.98,32.24,77105,1.06,11.8,338,0.24,1.4,13,13,0.22,0.44,0.32
"Ship 9","Bulkcarrier",01/23/18 04:00 PM,5,224.98,32.24,77105,1.04,12.5,337,0.25,1.62,10,8,0.19,0.49,0.29
"Ship 9","Bulkcarrier",01/23/18 05:00 PM,5,224.98,32.24,77105,1.13,12.5,329,0.26,2.02,7,180,0.22,0.55,0.33
"Ship 9","Bulkcarrier",01/23/18 06:00 PM,5,224.98,32.24,77105,1.11,11.8,342,0.26,2.47,6,335,0.23,0.47,0.35
"Ship 9","Bulkcarrier",01/23/18 06:59 PM,5,224.98,32.24,77105,1.04,11.8,340,0.28,2.89,7,272,0.18,0.57,0.29
"Ship 9","Bulkcarrier",01/25/18 11:00 AM,5,224.98,32.24,77105,2.08,15.4,321,0.35,3.21,16,180,0.38,0.72,0.52
"Ship 9","Bulkcarrier",01/25/18 12:00 PM,5,224.98,32.24,77105,1.79,14.3,318,0.38,3.13,11,268,0.35,0.92,0.57
"Ship 9","Bulkcarrier",01/25/18 01:00 PM,5,224.98,32.24,77105,1.97,14.3,320,0.33,2.83,13,11,0.34,0.66,0.5
"Ship 9","Bulkcarrier",01/25/18 02:00 PM,5,224.98,32.24,77105,1.86,15.4,323,0.31,2.39,19,28,0.35,0.71,0.51
"Ship 9","Bulkcarrier",01/25/18 03:00 PM,5,224.98,32.24,77105,1.9,15.4,325,0.3,1.93,17,30,0.35,0.75,0.49
"Ship 9","Bulkcarrier",01/25/18 04:00 PM,5,224.98,32.24,77105,1.71,14.3,326,0.35,1.57,12,39,0.32,0.64,0.47
"Ship 9","Bulkcarrier",01/25/18 05:00 PM,5,224.98,32.24,77105,1.81,15.4,334,0.35,1.41,5,224,0.34,0.68,0.5
"Ship 9","Bulkcarrier",01/25/18 06:00 PM,5,224.98,32.24,77105,1.64,14.3,333,0.34,1.48,7,277,0.3,0.68,0.43
"Ship 9","Bulkcarrier",01/25/18 07:00 PM,5,224.98,32.24,77105,1.75,15.4,334,0.38,1.75,10,235,0.32,0.59,0.45
"Ship 9","Bulkcarrier",01/25/18 08:00 PM,5,224.98,32.24,77105,1.73,14.3,328,0.34,2.15,11,166,0.33,0.7,0.5
"Ship 9","Bulkcarrier",01/25/18 09:00 PM,5,224.98,32.24,77105,1.56,14.3,324,0.36,2.62,12,159,0.31,0.81,0.49
"Ship 30","Bulkcarrier",02/06/18 09:00 AM,5,225,32.26,77288,1.92,9.5,344,0.16,2.99,22,73,0.21,0.49,0.32
"Ship 30","Bulkcarrier",02/06/18 10:00 AM,5,225,32.26,77288,2,8,339,0.16,2.47,9,76,0.24,0.51,0.36
"Ship 30","Bulkcarrier",02/06/18 11:00 AM,5,225,32.26,77288,1.92,7.7,342,0.16,1.84,20,48,0.21,0.51,0.33
"Ship 30","Bulkcarrier",02/06/18 12:00 PM,5,225,32.26,77288,1.86,8.3,348,0.13,1.3,23,26,0.21,0.55,0.32
"Ship 30","Bulkcarrier",02/06/18 01:00 PM,5,225,32.26,77288,2.09,11.1,345,0.14,0.99,23,27,0.19,0.5,0.31
"Ship 30","Bulkcarrier",02/06/18 02:00 PM,5,225,32.26,77288,1.97,10,347,0.14,0.98,18,23,0.23,0.47,0.36
"Ship 30","Bulkcarrier",02/06/18 03:00 PM,5,225,32.26,77288,1.87,11.1,344,0.15,1.24,19,20,0.2,0.39,0.28
"Ship 30","Bulkcarrier",02/06/18 04:00 PM,5,225,32.26,77288,1.88,10.5,348,0.13,1.7,22,31,0.19,0.4,0.28
"Ship 30","Bulkcarrier",02/06/18 05:00 PM,5,225,32.26,77288,1.97,10.6,330,0.17,2.25,22,26,0.18,0.5,0.28
"Ship 30","Bulkcarrier",02/06/18 06:00 PM,5,225,32.26,77288,1.85,11.1,346,0.14,2.75,26,70,0.19,0.47,0.28
"Ship 30","Bulkcarrier",02/06/18 07:00 PM,5,225,32.26,77288,1.88,10.5,343,0.15,3.07,24,22,0.19,0.42,0.28
"Ship 30","Bulkcarrier",02/07/18 11:00 AM,5,225,32.26,77288,5.51,12.5,333,0.37,2.27,28,80,0.45,0.91,0.65
"Ship 30","Bulkcarrier",02/07/18 11:59 AM,5,225,32.26,77288,5.98,16.7,330,0.33,1.78,22,78,0.37,0.77,0.57
"Ship 30","Bulkcarrier",02/07/18 12:59 PM,5,225,32.26,77288,5.15,15.4,333,0.36,1.37,32,55,0.36,1.19,0.55
"Ship 30","Bulkcarrier",02/07/18 01:59 PM,5,225,32.26,77288,5.04,14.3,333,0.32,1.15,26,64,0.4,0.91,0.59
"Ship 30","Bulkcarrier",02/07/18 02:59 PM,5,225,32.26,77288,5.36,15.4,333,0.36,1.17,22,40,0.33,0.9,0.55
"Ship 2","Bulkcarrier",02/20/18 11:00 AM,4,178.72,28,30618,2.3,14.3,316,0.21,0.87,20,43,0.23,0.47,0.34
"Ship 2","Bulkcarrier",02/20/18 12:00 PM,4,178.72,28,30618,2.34,13.3,319,0.21,0.66,28,30,0.19,0.35,0.27
"Ship 2","Bulkcarrier",02/20/18 01:00 PM,4,178.72,28,30618,2.63,14.3,320,0.18,0.85,35,26,0.23,0.58,0.34
"Ship 2","Bulkcarrier",02/20/18 02:00 PM,4,178.72,28,30618,2.94,14.3,319,0.21,1.34,38,28,0.24,0.62,0.36
"Ship 2","Bulkcarrier",02/20/18 03:00 PM,4,178.72,28,30618,3.13,18.2,323,0.21,2.01,37,32,0.24,0.56,0.38
"Ship 2","Bulkcarrier",02/20/18 04:00 PM,4,178.72,28,30618,3.1,18.2,320,0.28,2.69,31,34,0.3,0.61,0.46
"Ship 2","Bulkcarrier",02/20/18 05:00 PM,4,178.72,28,30618,3.39,16.7,317,0.3,3.2,25,39,0.37,0.78,0.54
"Ship 2","Bulkcarrier",02/20/18 06:00 PM,4,178.72,28,30618,3.73,16.7,316,0.3,3.43,31,32,0.39,0.75,0.57
"Ship 2","Bulkcarrier",02/21/18 10:00 AM,4,178.72,28,30618,3.32,15.4,330,0.27,1.98,44,59,0.29,0.62,0.43
"Ship 2","Bulkcarrier",02/21/18 11:00 AM,4,178.72,28,30618,3.37,14.3,332,0.27,1.34,38,56,0.34,0.7,0.53
"Ship 2","Bulkcarrier",02/21/18 12:00 PM,4,178.72,28,30618,3.26,14.3,333,0.23,0.94,34,47,0.29,0.68,0.43
"Ship 2","Bulkcarrier",02/21/18 02:00 PM,4,178.72,28,30618,3.08,15.4,332,0.25,1.14,32,55,0.3,0.66,0.46
"Ship 2","Bulkcarrier",02/21/18 03:00 PM,4,178.72,28,30618,2.92,14.3,339,0.24,1.64,39,48,0.35,0.72,0.51
"Ship 2","Bulkcarrier",02/21/18 07:00 PM,4,178.72,28,30618,2.55,14.3,342,0.27,3.35,35,52,0.37,0.85,0.51
"Ship 2","Bulkcarrier",02/21/18 08:00 PM,4,178.72,28,30618,2.67,14.3,337,0.25,3.18,31,50,0.39,0.8,0.61
"Ship 2","Bulkcarrier",02/21/18 09:00 PM,4,178.72,28,30618,2.52,14.3,340,0.26,2.77,29,46,0.61,0.88,0.78
"Ship 2","Bulkcarrier",02/21/18 10:00 PM,4,178.72,28,30618,2.26,13.3,339,0.21,2.19,31,50,0.26,0.71,0.42
"Ship 2","Bulkcarrier",02/21/18 11:00 PM,4,178.72,28,30618,2.44,15.4,336,0.19,1.6,27,46,0.25,0.52,0.36
"Ship 2","Bulkcarrier",02/22/18 12:00 AM,4,178.72,28,30618,2.45,14.3,344,0.19,1.16,29,58,0.32,0.74,0.48
"Ship 2","Bulkcarrier",02/22/18 01:00 AM,4,178.72,28,30618,2.58,14.3,340,0.21,1,39,60,0.23,0.44,0.33
"Ship 2","Bulkcarrier",02/22/18 02:00 AM,4,178.72,28,30618,2.54,15.4,344,0.18,1.15,33,62,0.23,0.54,0.34
"Ship 2","Bulkcarrier",02/22/18 03:00 AM,4,178.72,28,30618,2.67,14.3,340,0.19,1.56,29,62,0.29,0.63,0.43
"Ship 2","Bulkcarrier",02/22/18 04:00 AM,4,178.72,28,30618,2.41,14.3,341,0.18,2.12,17,99,0.3,0.67,0.43
"Ship 11","Bulkcarrier",03/01/18 10:00 AM,5,158,23,21057,1.76,9.1,12,0.08,1.19,13,278,0.09,0.24,0.14
"Ship 11","Bulkcarrier",03/01/18 10:59 AM,5,158,23,21057,1.94,9.5,6,0.09,1.84,18,332,0.11,0.24,0.15
"Ship 11","Bulkcarrier",03/01/18 11:59 AM,5,158,23,21057,2.12,9.5,5,0.1,2.69,26,63,0.11,0.26,0.18
"Ship 11","Bulkcarrier",03/01/18 12:59 PM,5,158,23,21057,2.69,9.5,1,0.13,3.54,34,180,0.13,0.29,0.19
"Ship 11","Bulkcarrier",03/01/18 01:59 PM,5,158,23,21057,3.16,10,2,0.14,4.16,34,351,0.18,0.39,0.26
"Ship 11","Bulkcarrier",03/01/18 02:59 PM,5,158,23,21057,3.53,10.5,2,0.19,4.39,36,328,0.21,0.47,0.3
"Ship 11","Bulkcarrier",03/01/18 03:59 PM,5,158,23,21057,3.45,9.5,1,0.19,4.16,32,311,0.17,0.35,0.26
"Ship 11","Bulkcarrier",03/01/18 04:59 PM,5,158,23,21057,3.11,10.5,3,0.17,3.53,32,291,0.17,0.36,0.24
"Ship 11","Bulkcarrier",03/01/18 05:59 PM,5,158,23,21057,3.12,10,2,0.17,2.64,37,273,0.15,0.32,0.21
"Ship 11","Bulkcarrier",03/01/18 10:00 PM,5,158,23,21057,3.52,7.7,336,0.18,1.04,41,300,0.17,0.41,0.27
"Ship 11","Bulkcarrier",03/01/18 11:00 PM,5,158,23,21057,3.22,9.5,339,0.22,1.62,27,262,0.14,0.36,0.22
"Ship 11","Bulkcarrier",03/02/18 12:00 AM,5,158,23,21057,3.11,9.5,346,0.22,2.46,32,230,0.19,0.35,0.27
"Ship 11","Bulkcarrier",03/02/18 01:00 AM,5,158,23,21057,2.97,9.5,349,0.22,3.36,26,228,0.2,0.43,0.29
"Ship 11","Bulkcarrier",03/02/18 02:00 AM,5,158,23,21057,3.06,10,349,0.23,4.09,25,219,0.24,0.56,0.34
"Ship 12","General cargo",04/04/18 03:00 PM,3,89.92,12.5,4066,3.41,15.4,309,0.31,2.61,26,278,0.31,0.78,0.51
"Ship 12","General cargo",04/04/18 04:00 PM,3,89.92,12.5,4066,3.32,15.4,308,0.32,3.23,25,278,0.33,0.59,0.48
"Ship 12","General cargo",04/04/18 05:00 PM,3,89.92,12.5,4066,2.9,14.3,309,0.29,3.63,25,280,0.34,0.86,0.51
"Ship 12","General cargo",04/04/18 06:00 PM,3,89.92,12.5,4066,3.27,14.3,309,0.31,3.74,20,284,0.34,0.75,0.52
"Ship 12","General cargo",04/04/18 07:00 PM,3,89.92,12.5,4066,3.03,14.3,312,0.33,3.5,15,266,0.36,0.85,0.52
